﻿{"success":true,"message":"Üyeler başarıyla alındı","data":[{"id":"1766686457417va7pcxj1n","memberNo":"TPJD2025","firstName":"Ahmet","lastName":"Gedik","tcNo":"31070026560","gender":null,"birthDate":null,"bloodType":null,"email":"aagedik@gmail.com","phone":"+905438880177","phoneHome":null,"maritalStatus":null,"city":null,"district":null,"neighborhood":null,"address":null,"fatherName":null,"motherName":null,"graduation":null,"graduationYear":null,"employmentStatus":null,"workplace":null,"position":null,"birthCity":null,"birthDistrict":null,"volumeNo":null,"familyNo":null,"lineNo":null,"notes":null,"membershipType":"Asil Üye","aidatAktif":"1","membershipStatus":"aktif","exitDate":null,"exitReasonType":null,"exitReason":null,"createdAt":"2025-12-25 21:14:17","updatedAt":"2025-12-25 21:14:17"},{"id":"member_1766686181_5474","memberNo":"TPJD002","firstName":"Ayşe","lastName":"Demir","tcNo":"12345678902","gender":null,"birthDate":null,"bloodType":null,"email":"ayse@email.com","phone":"+905551234568","phoneHome":null,"maritalStatus":null,"city":"İstanbul","district":null,"neighborhood":null,"address":"Test Adresi","fatherName":null,"motherName":null,"graduation":null,"graduationYear":null,"employmentStatus":null,"workplace":null,"position":null,"birthCity":null,"birthDistrict":null,"volumeNo":null,"familyNo":null,"lineNo":null,"notes":null,"membershipType":"Öğrenci Üye","aidatAktif":"1","membershipStatus":"aktif","exitDate":null,"exitReasonType":null,"exitReason":null,"createdAt":"2025-12-25 21:09:41","updatedAt":"2025-12-25 21:09:41"},{"id":"member_1766686181_7170","memberNo":"TPJD001","firstName":"Ahmet","lastName":"Yılmaz","tcNo":"12345678901","gender":null,"birthDate":null,"bloodType":null,"email":"ahmet@email.com","phone":"+905551234567","phoneHome":null,"maritalStatus":null,"city":"İstanbul","district":null,"neighborhood":null,"address":"Test Adresi","fatherName":null,"motherName":null,"graduation":null,"graduationYear":null,"employmentStatus":null,"workplace":null,"position":null,"birthCity":null,"birthDistrict":null,"volumeNo":null,"familyNo":null,"lineNo":null,"notes":null,"membershipType":"Asil Üye","aidatAktif":"1","membershipStatus":"aktif","exitDate":null,"exitReasonType":null,"exitReason":null,"createdAt":"2025-12-25 21:09:41","updatedAt":"2025-12-25 21:09:41"},{"id":"member_1766686181_8266","memberNo":"TPJD003","firstName":"Mehmet","lastName":"Kaya","tcNo":"12345678903","gender":null,"birthDate":null,"bloodType":null,"email":"mehmet@email.com","phone":"+905551234569","phoneHome":null,"maritalStatus":null,"city":"İstanbul","district":null,"neighborhood":null,"address":"Test Adresi","fatherName":null,"motherName":null,"graduation":null,"graduationYear":null,"employmentStatus":null,"workplace":null,"position":null,"birthCity":null,"birthDistrict":null,"volumeNo":null,"familyNo":null,"lineNo":null,"notes":null,"membershipType":"Fahri Üye","aidatAktif":"1","membershipStatus":"aktif","exitDate":null,"exitReasonType":null,"exitReason":null,"createdAt":"2025-12-25 21:09:41","updatedAt":"2025-12-25 21:09:41"}]}
